Sample in Buffer,Sample in Window,TRIGGER,ram_wr_en,ram_wr_we,ram_rd_en,rd_flag,ram_wr_addr[5:0],ram_wr_data[7:0],ram_rd_addr[5:0],ram_rd_data[7:0]
0,0,0,1,1,1,1,31,31,63,62
1,1,0,1,1,1,1,32,32,0,63
2,2,0,1,1,1,1,33,33,1,0
3,3,0,1,1,1,1,34,34,2,1
4,4,0,1,1,1,1,35,35,3,2
5,5,0,1,1,1,1,36,36,4,3
6,6,0,1,1,1,1,37,37,5,4
7,7,0,1,1,1,1,38,38,6,5
8,8,0,1,1,1,1,39,39,7,6
9,9,0,1,1,1,1,40,40,8,7
10,10,0,1,1,1,1,41,41,9,8
11,11,0,1,1,1,1,42,42,10,9
12,12,0,1,1,1,1,43,43,11,10
13,13,0,1,1,1,1,44,44,12,11
14,14,0,1,1,1,1,45,45,13,12
15,15,0,1,1,1,1,46,46,14,13
16,16,0,1,1,1,1,47,47,15,14
17,17,0,1,1,1,1,48,48,16,15
18,18,0,1,1,1,1,49,49,17,16
19,19,0,1,1,1,1,50,50,18,17
20,20,0,1,1,1,1,51,51,19,18
21,21,0,1,1,1,1,52,52,20,19
22,22,0,1,1,1,1,53,53,21,20
23,23,0,1,1,1,1,54,54,22,21
24,24,0,1,1,1,1,55,55,23,22
25,25,0,1,1,1,1,56,56,24,23
26,26,0,1,1,1,1,57,57,25,24
27,27,0,1,1,1,1,58,58,26,25
28,28,0,1,1,1,1,59,59,27,26
29,29,0,1,1,1,1,60,60,28,27
30,30,0,1,1,1,1,61,61,29,28
31,31,0,1,1,1,1,62,62,30,29
32,32,0,1,1,1,1,63,63,31,30
33,33,0,1,1,1,1,0,0,32,31
34,34,0,1,1,1,1,1,1,33,32
35,35,0,1,1,1,1,2,2,34,33
36,36,0,1,1,1,1,3,3,35,34
37,37,0,1,1,1,1,4,4,36,35
38,38,0,1,1,1,1,5,5,37,36
39,39,0,1,1,1,1,6,6,38,37
40,40,0,1,1,1,1,7,7,39,38
41,41,0,1,1,1,1,8,8,40,39
42,42,0,1,1,1,1,9,9,41,40
43,43,0,1,1,1,1,10,10,42,41
44,44,0,1,1,1,1,11,11,43,42
45,45,0,1,1,1,1,12,12,44,43
46,46,0,1,1,1,1,13,13,45,44
47,47,0,1,1,1,1,14,14,46,45
48,48,0,1,1,1,1,15,15,47,46
49,49,0,1,1,1,1,16,16,48,47
50,50,0,1,1,1,1,17,17,49,48
51,51,0,1,1,1,1,18,18,50,49
52,52,0,1,1,1,1,19,19,51,50
53,53,0,1,1,1,1,20,20,52,51
54,54,0,1,1,1,1,21,21,53,52
55,55,0,1,1,1,1,22,22,54,53
56,56,0,1,1,1,1,23,23,55,54
57,57,0,1,1,1,1,24,24,56,55
58,58,0,1,1,1,1,25,25,57,56
59,59,0,1,1,1,1,26,26,58,57
60,60,0,1,1,1,1,27,27,59,58
61,61,0,1,1,1,1,28,28,60,59
62,62,0,1,1,1,1,29,29,61,60
63,63,0,1,1,1,1,30,30,62,61
64,64,0,1,1,1,1,31,31,63,62
65,65,0,1,1,1,1,32,32,0,63
66,66,0,1,1,1,1,33,33,1,0
67,67,0,1,1,1,1,34,34,2,1
68,68,0,1,1,1,1,35,35,3,2
69,69,0,1,1,1,1,36,36,4,3
70,70,0,1,1,1,1,37,37,5,4
71,71,0,1,1,1,1,38,38,6,5
72,72,0,1,1,1,1,39,39,7,6
73,73,0,1,1,1,1,40,40,8,7
74,74,0,1,1,1,1,41,41,9,8
75,75,0,1,1,1,1,42,42,10,9
76,76,0,1,1,1,1,43,43,11,10
77,77,0,1,1,1,1,44,44,12,11
78,78,0,1,1,1,1,45,45,13,12
79,79,0,1,1,1,1,46,46,14,13
80,80,0,1,1,1,1,47,47,15,14
81,81,0,1,1,1,1,48,48,16,15
82,82,0,1,1,1,1,49,49,17,16
83,83,0,1,1,1,1,50,50,18,17
84,84,0,1,1,1,1,51,51,19,18
85,85,0,1,1,1,1,52,52,20,19
86,86,0,1,1,1,1,53,53,21,20
87,87,0,1,1,1,1,54,54,22,21
88,88,0,1,1,1,1,55,55,23,22
89,89,0,1,1,1,1,56,56,24,23
90,90,0,1,1,1,1,57,57,25,24
91,91,0,1,1,1,1,58,58,26,25
92,92,0,1,1,1,1,59,59,27,26
93,93,0,1,1,1,1,60,60,28,27
94,94,0,1,1,1,1,61,61,29,28
95,95,0,1,1,1,1,62,62,30,29
96,96,0,1,1,1,1,63,63,31,30
97,97,0,1,1,1,1,0,0,32,31
98,98,0,1,1,1,1,1,1,33,32
99,99,0,1,1,1,1,2,2,34,33
100,100,0,1,1,1,1,3,3,35,34
101,101,0,1,1,1,1,4,4,36,35
102,102,0,1,1,1,1,5,5,37,36
103,103,0,1,1,1,1,6,6,38,37
104,104,0,1,1,1,1,7,7,39,38
105,105,0,1,1,1,1,8,8,40,39
106,106,0,1,1,1,1,9,9,41,40
107,107,0,1,1,1,1,10,10,42,41
108,108,0,1,1,1,1,11,11,43,42
109,109,0,1,1,1,1,12,12,44,43
110,110,0,1,1,1,1,13,13,45,44
111,111,0,1,1,1,1,14,14,46,45
112,112,0,1,1,1,1,15,15,47,46
113,113,0,1,1,1,1,16,16,48,47
114,114,0,1,1,1,1,17,17,49,48
115,115,0,1,1,1,1,18,18,50,49
116,116,0,1,1,1,1,19,19,51,50
117,117,0,1,1,1,1,20,20,52,51
118,118,0,1,1,1,1,21,21,53,52
119,119,0,1,1,1,1,22,22,54,53
120,120,0,1,1,1,1,23,23,55,54
121,121,0,1,1,1,1,24,24,56,55
122,122,0,1,1,1,1,25,25,57,56
123,123,0,1,1,1,1,26,26,58,57
124,124,0,1,1,1,1,27,27,59,58
125,125,0,1,1,1,1,28,28,60,59
126,126,0,1,1,1,1,29,29,61,60
127,127,0,1,1,1,1,30,30,62,61
128,128,0,1,1,1,1,31,31,63,62
129,129,0,1,1,1,1,32,32,0,63
130,130,0,1,1,1,1,33,33,1,0
131,131,0,1,1,1,1,34,34,2,1
132,132,0,1,1,1,1,35,35,3,2
133,133,0,1,1,1,1,36,36,4,3
134,134,0,1,1,1,1,37,37,5,4
135,135,0,1,1,1,1,38,38,6,5
136,136,0,1,1,1,1,39,39,7,6
137,137,0,1,1,1,1,40,40,8,7
138,138,0,1,1,1,1,41,41,9,8
139,139,0,1,1,1,1,42,42,10,9
140,140,0,1,1,1,1,43,43,11,10
141,141,0,1,1,1,1,44,44,12,11
142,142,0,1,1,1,1,45,45,13,12
143,143,0,1,1,1,1,46,46,14,13
144,144,0,1,1,1,1,47,47,15,14
145,145,0,1,1,1,1,48,48,16,15
146,146,0,1,1,1,1,49,49,17,16
147,147,0,1,1,1,1,50,50,18,17
148,148,0,1,1,1,1,51,51,19,18
149,149,0,1,1,1,1,52,52,20,19
150,150,0,1,1,1,1,53,53,21,20
151,151,0,1,1,1,1,54,54,22,21
152,152,0,1,1,1,1,55,55,23,22
153,153,0,1,1,1,1,56,56,24,23
154,154,0,1,1,1,1,57,57,25,24
155,155,0,1,1,1,1,58,58,26,25
156,156,0,1,1,1,1,59,59,27,26
157,157,0,1,1,1,1,60,60,28,27
158,158,0,1,1,1,1,61,61,29,28
159,159,0,1,1,1,1,62,62,30,29
160,160,0,1,1,1,1,63,63,31,30
161,161,0,1,1,1,1,0,0,32,31
162,162,0,1,1,1,1,1,1,33,32
163,163,0,1,1,1,1,2,2,34,33
164,164,0,1,1,1,1,3,3,35,34
165,165,0,1,1,1,1,4,4,36,35
166,166,0,1,1,1,1,5,5,37,36
167,167,0,1,1,1,1,6,6,38,37
168,168,0,1,1,1,1,7,7,39,38
169,169,0,1,1,1,1,8,8,40,39
170,170,0,1,1,1,1,9,9,41,40
171,171,0,1,1,1,1,10,10,42,41
172,172,0,1,1,1,1,11,11,43,42
173,173,0,1,1,1,1,12,12,44,43
174,174,0,1,1,1,1,13,13,45,44
175,175,0,1,1,1,1,14,14,46,45
176,176,0,1,1,1,1,15,15,47,46
177,177,0,1,1,1,1,16,16,48,47
178,178,0,1,1,1,1,17,17,49,48
179,179,0,1,1,1,1,18,18,50,49
180,180,0,1,1,1,1,19,19,51,50
181,181,0,1,1,1,1,20,20,52,51
182,182,0,1,1,1,1,21,21,53,52
183,183,0,1,1,1,1,22,22,54,53
184,184,0,1,1,1,1,23,23,55,54
185,185,0,1,1,1,1,24,24,56,55
186,186,0,1,1,1,1,25,25,57,56
187,187,0,1,1,1,1,26,26,58,57
188,188,0,1,1,1,1,27,27,59,58
189,189,0,1,1,1,1,28,28,60,59
190,190,0,1,1,1,1,29,29,61,60
191,191,0,1,1,1,1,30,30,62,61
192,192,0,1,1,1,1,31,31,63,62
193,193,0,1,1,1,1,32,32,0,63
194,194,0,1,1,1,1,33,33,1,0
195,195,0,1,1,1,1,34,34,2,1
196,196,0,1,1,1,1,35,35,3,2
197,197,0,1,1,1,1,36,36,4,3
198,198,0,1,1,1,1,37,37,5,4
199,199,0,1,1,1,1,38,38,6,5
200,200,0,1,1,1,1,39,39,7,6
201,201,0,1,1,1,1,40,40,8,7
202,202,0,1,1,1,1,41,41,9,8
203,203,0,1,1,1,1,42,42,10,9
204,204,0,1,1,1,1,43,43,11,10
205,205,0,1,1,1,1,44,44,12,11
206,206,0,1,1,1,1,45,45,13,12
207,207,0,1,1,1,1,46,46,14,13
208,208,0,1,1,1,1,47,47,15,14
209,209,0,1,1,1,1,48,48,16,15
210,210,0,1,1,1,1,49,49,17,16
211,211,0,1,1,1,1,50,50,18,17
212,212,0,1,1,1,1,51,51,19,18
213,213,0,1,1,1,1,52,52,20,19
214,214,0,1,1,1,1,53,53,21,20
215,215,0,1,1,1,1,54,54,22,21
216,216,0,1,1,1,1,55,55,23,22
217,217,0,1,1,1,1,56,56,24,23
218,218,0,1,1,1,1,57,57,25,24
219,219,0,1,1,1,1,58,58,26,25
220,220,0,1,1,1,1,59,59,27,26
221,221,0,1,1,1,1,60,60,28,27
222,222,0,1,1,1,1,61,61,29,28
223,223,0,1,1,1,1,62,62,30,29
224,224,0,1,1,1,1,63,63,31,30
225,225,0,1,1,1,1,0,0,32,31
226,226,0,1,1,1,1,1,1,33,32
227,227,0,1,1,1,1,2,2,34,33
228,228,0,1,1,1,1,3,3,35,34
229,229,0,1,1,1,1,4,4,36,35
230,230,0,1,1,1,1,5,5,37,36
231,231,0,1,1,1,1,6,6,38,37
232,232,0,1,1,1,1,7,7,39,38
233,233,0,1,1,1,1,8,8,40,39
234,234,0,1,1,1,1,9,9,41,40
235,235,0,1,1,1,1,10,10,42,41
236,236,0,1,1,1,1,11,11,43,42
237,237,0,1,1,1,1,12,12,44,43
238,238,0,1,1,1,1,13,13,45,44
239,239,0,1,1,1,1,14,14,46,45
240,240,0,1,1,1,1,15,15,47,46
241,241,0,1,1,1,1,16,16,48,47
242,242,0,1,1,1,1,17,17,49,48
243,243,0,1,1,1,1,18,18,50,49
244,244,0,1,1,1,1,19,19,51,50
245,245,0,1,1,1,1,20,20,52,51
246,246,0,1,1,1,1,21,21,53,52
247,247,0,1,1,1,1,22,22,54,53
248,248,0,1,1,1,1,23,23,55,54
249,249,0,1,1,1,1,24,24,56,55
250,250,0,1,1,1,1,25,25,57,56
251,251,0,1,1,1,1,26,26,58,57
252,252,0,1,1,1,1,27,27,59,58
253,253,0,1,1,1,1,28,28,60,59
254,254,0,1,1,1,1,29,29,61,60
255,255,0,1,1,1,1,30,30,62,61
256,256,0,1,1,1,1,31,31,63,62
257,257,0,1,1,1,1,32,32,0,63
258,258,0,1,1,1,1,33,33,1,0
259,259,0,1,1,1,1,34,34,2,1
260,260,0,1,1,1,1,35,35,3,2
261,261,0,1,1,1,1,36,36,4,3
262,262,0,1,1,1,1,37,37,5,4
263,263,0,1,1,1,1,38,38,6,5
264,264,0,1,1,1,1,39,39,7,6
265,265,0,1,1,1,1,40,40,8,7
266,266,0,1,1,1,1,41,41,9,8
267,267,0,1,1,1,1,42,42,10,9
268,268,0,1,1,1,1,43,43,11,10
269,269,0,1,1,1,1,44,44,12,11
270,270,0,1,1,1,1,45,45,13,12
271,271,0,1,1,1,1,46,46,14,13
272,272,0,1,1,1,1,47,47,15,14
273,273,0,1,1,1,1,48,48,16,15
274,274,0,1,1,1,1,49,49,17,16
275,275,0,1,1,1,1,50,50,18,17
276,276,0,1,1,1,1,51,51,19,18
277,277,0,1,1,1,1,52,52,20,19
278,278,0,1,1,1,1,53,53,21,20
279,279,0,1,1,1,1,54,54,22,21
280,280,0,1,1,1,1,55,55,23,22
281,281,0,1,1,1,1,56,56,24,23
282,282,0,1,1,1,1,57,57,25,24
283,283,0,1,1,1,1,58,58,26,25
284,284,0,1,1,1,1,59,59,27,26
285,285,0,1,1,1,1,60,60,28,27
286,286,0,1,1,1,1,61,61,29,28
287,287,0,1,1,1,1,62,62,30,29
288,288,0,1,1,1,1,63,63,31,30
289,289,0,1,1,1,1,0,0,32,31
290,290,0,1,1,1,1,1,1,33,32
291,291,0,1,1,1,1,2,2,34,33
292,292,0,1,1,1,1,3,3,35,34
293,293,0,1,1,1,1,4,4,36,35
294,294,0,1,1,1,1,5,5,37,36
295,295,0,1,1,1,1,6,6,38,37
296,296,0,1,1,1,1,7,7,39,38
297,297,0,1,1,1,1,8,8,40,39
298,298,0,1,1,1,1,9,9,41,40
299,299,0,1,1,1,1,10,10,42,41
300,300,0,1,1,1,1,11,11,43,42
301,301,0,1,1,1,1,12,12,44,43
302,302,0,1,1,1,1,13,13,45,44
303,303,0,1,1,1,1,14,14,46,45
304,304,0,1,1,1,1,15,15,47,46
305,305,0,1,1,1,1,16,16,48,47
306,306,0,1,1,1,1,17,17,49,48
307,307,0,1,1,1,1,18,18,50,49
308,308,0,1,1,1,1,19,19,51,50
309,309,0,1,1,1,1,20,20,52,51
310,310,0,1,1,1,1,21,21,53,52
311,311,0,1,1,1,1,22,22,54,53
312,312,0,1,1,1,1,23,23,55,54
313,313,0,1,1,1,1,24,24,56,55
314,314,0,1,1,1,1,25,25,57,56
315,315,0,1,1,1,1,26,26,58,57
316,316,0,1,1,1,1,27,27,59,58
317,317,0,1,1,1,1,28,28,60,59
318,318,0,1,1,1,1,29,29,61,60
319,319,0,1,1,1,1,30,30,62,61
320,320,0,1,1,1,1,31,31,63,62
321,321,0,1,1,1,1,32,32,0,63
322,322,0,1,1,1,1,33,33,1,0
323,323,0,1,1,1,1,34,34,2,1
324,324,0,1,1,1,1,35,35,3,2
325,325,0,1,1,1,1,36,36,4,3
326,326,0,1,1,1,1,37,37,5,4
327,327,0,1,1,1,1,38,38,6,5
328,328,0,1,1,1,1,39,39,7,6
329,329,0,1,1,1,1,40,40,8,7
330,330,0,1,1,1,1,41,41,9,8
331,331,0,1,1,1,1,42,42,10,9
332,332,0,1,1,1,1,43,43,11,10
333,333,0,1,1,1,1,44,44,12,11
334,334,0,1,1,1,1,45,45,13,12
335,335,0,1,1,1,1,46,46,14,13
336,336,0,1,1,1,1,47,47,15,14
337,337,0,1,1,1,1,48,48,16,15
338,338,0,1,1,1,1,49,49,17,16
339,339,0,1,1,1,1,50,50,18,17
340,340,0,1,1,1,1,51,51,19,18
341,341,0,1,1,1,1,52,52,20,19
342,342,0,1,1,1,1,53,53,21,20
343,343,0,1,1,1,1,54,54,22,21
344,344,0,1,1,1,1,55,55,23,22
345,345,0,1,1,1,1,56,56,24,23
346,346,0,1,1,1,1,57,57,25,24
347,347,0,1,1,1,1,58,58,26,25
348,348,0,1,1,1,1,59,59,27,26
349,349,0,1,1,1,1,60,60,28,27
350,350,0,1,1,1,1,61,61,29,28
351,351,0,1,1,1,1,62,62,30,29
352,352,0,1,1,1,1,63,63,31,30
353,353,0,1,1,1,1,0,0,32,31
354,354,0,1,1,1,1,1,1,33,32
355,355,0,1,1,1,1,2,2,34,33
356,356,0,1,1,1,1,3,3,35,34
357,357,0,1,1,1,1,4,4,36,35
358,358,0,1,1,1,1,5,5,37,36
359,359,0,1,1,1,1,6,6,38,37
360,360,0,1,1,1,1,7,7,39,38
361,361,0,1,1,1,1,8,8,40,39
362,362,0,1,1,1,1,9,9,41,40
363,363,0,1,1,1,1,10,10,42,41
364,364,0,1,1,1,1,11,11,43,42
365,365,0,1,1,1,1,12,12,44,43
366,366,0,1,1,1,1,13,13,45,44
367,367,0,1,1,1,1,14,14,46,45
368,368,0,1,1,1,1,15,15,47,46
369,369,0,1,1,1,1,16,16,48,47
370,370,0,1,1,1,1,17,17,49,48
371,371,0,1,1,1,1,18,18,50,49
372,372,0,1,1,1,1,19,19,51,50
373,373,0,1,1,1,1,20,20,52,51
374,374,0,1,1,1,1,21,21,53,52
375,375,0,1,1,1,1,22,22,54,53
376,376,0,1,1,1,1,23,23,55,54
377,377,0,1,1,1,1,24,24,56,55
378,378,0,1,1,1,1,25,25,57,56
379,379,0,1,1,1,1,26,26,58,57
380,380,0,1,1,1,1,27,27,59,58
381,381,0,1,1,1,1,28,28,60,59
382,382,0,1,1,1,1,29,29,61,60
383,383,0,1,1,1,1,30,30,62,61
384,384,0,1,1,1,1,31,31,63,62
385,385,0,1,1,1,1,32,32,0,63
386,386,0,1,1,1,1,33,33,1,0
387,387,0,1,1,1,1,34,34,2,1
388,388,0,1,1,1,1,35,35,3,2
389,389,0,1,1,1,1,36,36,4,3
390,390,0,1,1,1,1,37,37,5,4
391,391,0,1,1,1,1,38,38,6,5
392,392,0,1,1,1,1,39,39,7,6
393,393,0,1,1,1,1,40,40,8,7
394,394,0,1,1,1,1,41,41,9,8
395,395,0,1,1,1,1,42,42,10,9
396,396,0,1,1,1,1,43,43,11,10
397,397,0,1,1,1,1,44,44,12,11
398,398,0,1,1,1,1,45,45,13,12
399,399,0,1,1,1,1,46,46,14,13
400,400,0,1,1,1,1,47,47,15,14
401,401,0,1,1,1,1,48,48,16,15
402,402,0,1,1,1,1,49,49,17,16
403,403,0,1,1,1,1,50,50,18,17
404,404,0,1,1,1,1,51,51,19,18
405,405,0,1,1,1,1,52,52,20,19
406,406,0,1,1,1,1,53,53,21,20
407,407,0,1,1,1,1,54,54,22,21
408,408,0,1,1,1,1,55,55,23,22
409,409,0,1,1,1,1,56,56,24,23
410,410,0,1,1,1,1,57,57,25,24
411,411,0,1,1,1,1,58,58,26,25
412,412,0,1,1,1,1,59,59,27,26
413,413,0,1,1,1,1,60,60,28,27
414,414,0,1,1,1,1,61,61,29,28
415,415,0,1,1,1,1,62,62,30,29
416,416,0,1,1,1,1,63,63,31,30
417,417,0,1,1,1,1,0,0,32,31
418,418,0,1,1,1,1,1,1,33,32
419,419,0,1,1,1,1,2,2,34,33
420,420,0,1,1,1,1,3,3,35,34
421,421,0,1,1,1,1,4,4,36,35
422,422,0,1,1,1,1,5,5,37,36
423,423,0,1,1,1,1,6,6,38,37
424,424,0,1,1,1,1,7,7,39,38
425,425,0,1,1,1,1,8,8,40,39
426,426,0,1,1,1,1,9,9,41,40
427,427,0,1,1,1,1,10,10,42,41
428,428,0,1,1,1,1,11,11,43,42
429,429,0,1,1,1,1,12,12,44,43
430,430,0,1,1,1,1,13,13,45,44
431,431,0,1,1,1,1,14,14,46,45
432,432,0,1,1,1,1,15,15,47,46
433,433,0,1,1,1,1,16,16,48,47
434,434,0,1,1,1,1,17,17,49,48
435,435,0,1,1,1,1,18,18,50,49
436,436,0,1,1,1,1,19,19,51,50
437,437,0,1,1,1,1,20,20,52,51
438,438,0,1,1,1,1,21,21,53,52
439,439,0,1,1,1,1,22,22,54,53
440,440,0,1,1,1,1,23,23,55,54
441,441,0,1,1,1,1,24,24,56,55
442,442,0,1,1,1,1,25,25,57,56
443,443,0,1,1,1,1,26,26,58,57
444,444,0,1,1,1,1,27,27,59,58
445,445,0,1,1,1,1,28,28,60,59
446,446,0,1,1,1,1,29,29,61,60
447,447,0,1,1,1,1,30,30,62,61
448,448,0,1,1,1,1,31,31,63,62
449,449,0,1,1,1,1,32,32,0,63
450,450,0,1,1,1,1,33,33,1,0
451,451,0,1,1,1,1,34,34,2,1
452,452,0,1,1,1,1,35,35,3,2
453,453,0,1,1,1,1,36,36,4,3
454,454,0,1,1,1,1,37,37,5,4
455,455,0,1,1,1,1,38,38,6,5
456,456,0,1,1,1,1,39,39,7,6
457,457,0,1,1,1,1,40,40,8,7
458,458,0,1,1,1,1,41,41,9,8
459,459,0,1,1,1,1,42,42,10,9
460,460,0,1,1,1,1,43,43,11,10
461,461,0,1,1,1,1,44,44,12,11
462,462,0,1,1,1,1,45,45,13,12
463,463,0,1,1,1,1,46,46,14,13
464,464,0,1,1,1,1,47,47,15,14
465,465,0,1,1,1,1,48,48,16,15
466,466,0,1,1,1,1,49,49,17,16
467,467,0,1,1,1,1,50,50,18,17
468,468,0,1,1,1,1,51,51,19,18
469,469,0,1,1,1,1,52,52,20,19
470,470,0,1,1,1,1,53,53,21,20
471,471,0,1,1,1,1,54,54,22,21
472,472,0,1,1,1,1,55,55,23,22
473,473,0,1,1,1,1,56,56,24,23
474,474,0,1,1,1,1,57,57,25,24
475,475,0,1,1,1,1,58,58,26,25
476,476,0,1,1,1,1,59,59,27,26
477,477,0,1,1,1,1,60,60,28,27
478,478,0,1,1,1,1,61,61,29,28
479,479,0,1,1,1,1,62,62,30,29
480,480,0,1,1,1,1,63,63,31,30
481,481,0,1,1,1,1,0,0,32,31
482,482,0,1,1,1,1,1,1,33,32
483,483,0,1,1,1,1,2,2,34,33
484,484,0,1,1,1,1,3,3,35,34
485,485,0,1,1,1,1,4,4,36,35
486,486,0,1,1,1,1,5,5,37,36
487,487,0,1,1,1,1,6,6,38,37
488,488,0,1,1,1,1,7,7,39,38
489,489,0,1,1,1,1,8,8,40,39
490,490,0,1,1,1,1,9,9,41,40
491,491,0,1,1,1,1,10,10,42,41
492,492,0,1,1,1,1,11,11,43,42
493,493,0,1,1,1,1,12,12,44,43
494,494,0,1,1,1,1,13,13,45,44
495,495,0,1,1,1,1,14,14,46,45
496,496,0,1,1,1,1,15,15,47,46
497,497,0,1,1,1,1,16,16,48,47
498,498,0,1,1,1,1,17,17,49,48
499,499,0,1,1,1,1,18,18,50,49
500,500,0,1,1,1,1,19,19,51,50
501,501,0,1,1,1,1,20,20,52,51
502,502,0,1,1,1,1,21,21,53,52
503,503,0,1,1,1,1,22,22,54,53
504,504,0,1,1,1,1,23,23,55,54
505,505,0,1,1,1,1,24,24,56,55
506,506,0,1,1,1,1,25,25,57,56
507,507,0,1,1,1,1,26,26,58,57
508,508,0,1,1,1,1,27,27,59,58
509,509,0,1,1,1,1,28,28,60,59
510,510,0,1,1,1,1,29,29,61,60
511,511,0,1,1,1,1,30,30,62,61
512,512,1,1,1,1,1,31,31,63,62
513,513,0,1,1,1,1,32,32,0,63
514,514,0,1,1,1,1,33,33,1,0
515,515,0,1,1,1,1,34,34,2,1
516,516,0,1,1,1,1,35,35,3,2
517,517,0,1,1,1,1,36,36,4,3
518,518,0,1,1,1,1,37,37,5,4
519,519,0,1,1,1,1,38,38,6,5
520,520,0,1,1,1,1,39,39,7,6
521,521,0,1,1,1,1,40,40,8,7
522,522,0,1,1,1,1,41,41,9,8
523,523,0,1,1,1,1,42,42,10,9
524,524,0,1,1,1,1,43,43,11,10
525,525,0,1,1,1,1,44,44,12,11
526,526,0,1,1,1,1,45,45,13,12
527,527,0,1,1,1,1,46,46,14,13
528,528,0,1,1,1,1,47,47,15,14
529,529,0,1,1,1,1,48,48,16,15
530,530,0,1,1,1,1,49,49,17,16
531,531,0,1,1,1,1,50,50,18,17
532,532,0,1,1,1,1,51,51,19,18
533,533,0,1,1,1,1,52,52,20,19
534,534,0,1,1,1,1,53,53,21,20
535,535,0,1,1,1,1,54,54,22,21
536,536,0,1,1,1,1,55,55,23,22
537,537,0,1,1,1,1,56,56,24,23
538,538,0,1,1,1,1,57,57,25,24
539,539,0,1,1,1,1,58,58,26,25
540,540,0,1,1,1,1,59,59,27,26
541,541,0,1,1,1,1,60,60,28,27
542,542,0,1,1,1,1,61,61,29,28
543,543,0,1,1,1,1,62,62,30,29
544,544,0,1,1,1,1,63,63,31,30
545,545,0,1,1,1,1,0,0,32,31
546,546,0,1,1,1,1,1,1,33,32
547,547,0,1,1,1,1,2,2,34,33
548,548,0,1,1,1,1,3,3,35,34
549,549,0,1,1,1,1,4,4,36,35
550,550,0,1,1,1,1,5,5,37,36
551,551,0,1,1,1,1,6,6,38,37
552,552,0,1,1,1,1,7,7,39,38
553,553,0,1,1,1,1,8,8,40,39
554,554,0,1,1,1,1,9,9,41,40
555,555,0,1,1,1,1,10,10,42,41
556,556,0,1,1,1,1,11,11,43,42
557,557,0,1,1,1,1,12,12,44,43
558,558,0,1,1,1,1,13,13,45,44
559,559,0,1,1,1,1,14,14,46,45
560,560,0,1,1,1,1,15,15,47,46
561,561,0,1,1,1,1,16,16,48,47
562,562,0,1,1,1,1,17,17,49,48
563,563,0,1,1,1,1,18,18,50,49
564,564,0,1,1,1,1,19,19,51,50
565,565,0,1,1,1,1,20,20,52,51
566,566,0,1,1,1,1,21,21,53,52
567,567,0,1,1,1,1,22,22,54,53
568,568,0,1,1,1,1,23,23,55,54
569,569,0,1,1,1,1,24,24,56,55
570,570,0,1,1,1,1,25,25,57,56
571,571,0,1,1,1,1,26,26,58,57
572,572,0,1,1,1,1,27,27,59,58
573,573,0,1,1,1,1,28,28,60,59
574,574,0,1,1,1,1,29,29,61,60
575,575,0,1,1,1,1,30,30,62,61
576,576,0,1,1,1,1,31,31,63,62
577,577,0,1,1,1,1,32,32,0,63
578,578,0,1,1,1,1,33,33,1,0
579,579,0,1,1,1,1,34,34,2,1
580,580,0,1,1,1,1,35,35,3,2
581,581,0,1,1,1,1,36,36,4,3
582,582,0,1,1,1,1,37,37,5,4
583,583,0,1,1,1,1,38,38,6,5
584,584,0,1,1,1,1,39,39,7,6
585,585,0,1,1,1,1,40,40,8,7
586,586,0,1,1,1,1,41,41,9,8
587,587,0,1,1,1,1,42,42,10,9
588,588,0,1,1,1,1,43,43,11,10
589,589,0,1,1,1,1,44,44,12,11
590,590,0,1,1,1,1,45,45,13,12
591,591,0,1,1,1,1,46,46,14,13
592,592,0,1,1,1,1,47,47,15,14
593,593,0,1,1,1,1,48,48,16,15
594,594,0,1,1,1,1,49,49,17,16
595,595,0,1,1,1,1,50,50,18,17
596,596,0,1,1,1,1,51,51,19,18
597,597,0,1,1,1,1,52,52,20,19
598,598,0,1,1,1,1,53,53,21,20
599,599,0,1,1,1,1,54,54,22,21
600,600,0,1,1,1,1,55,55,23,22
601,601,0,1,1,1,1,56,56,24,23
602,602,0,1,1,1,1,57,57,25,24
603,603,0,1,1,1,1,58,58,26,25
604,604,0,1,1,1,1,59,59,27,26
605,605,0,1,1,1,1,60,60,28,27
606,606,0,1,1,1,1,61,61,29,28
607,607,0,1,1,1,1,62,62,30,29
608,608,0,1,1,1,1,63,63,31,30
609,609,0,1,1,1,1,0,0,32,31
610,610,0,1,1,1,1,1,1,33,32
611,611,0,1,1,1,1,2,2,34,33
612,612,0,1,1,1,1,3,3,35,34
613,613,0,1,1,1,1,4,4,36,35
614,614,0,1,1,1,1,5,5,37,36
615,615,0,1,1,1,1,6,6,38,37
616,616,0,1,1,1,1,7,7,39,38
617,617,0,1,1,1,1,8,8,40,39
618,618,0,1,1,1,1,9,9,41,40
619,619,0,1,1,1,1,10,10,42,41
620,620,0,1,1,1,1,11,11,43,42
621,621,0,1,1,1,1,12,12,44,43
622,622,0,1,1,1,1,13,13,45,44
623,623,0,1,1,1,1,14,14,46,45
624,624,0,1,1,1,1,15,15,47,46
625,625,0,1,1,1,1,16,16,48,47
626,626,0,1,1,1,1,17,17,49,48
627,627,0,1,1,1,1,18,18,50,49
628,628,0,1,1,1,1,19,19,51,50
629,629,0,1,1,1,1,20,20,52,51
630,630,0,1,1,1,1,21,21,53,52
631,631,0,1,1,1,1,22,22,54,53
632,632,0,1,1,1,1,23,23,55,54
633,633,0,1,1,1,1,24,24,56,55
634,634,0,1,1,1,1,25,25,57,56
635,635,0,1,1,1,1,26,26,58,57
636,636,0,1,1,1,1,27,27,59,58
637,637,0,1,1,1,1,28,28,60,59
638,638,0,1,1,1,1,29,29,61,60
639,639,0,1,1,1,1,30,30,62,61
640,640,0,1,1,1,1,31,31,63,62
641,641,0,1,1,1,1,32,32,0,63
642,642,0,1,1,1,1,33,33,1,0
643,643,0,1,1,1,1,34,34,2,1
644,644,0,1,1,1,1,35,35,3,2
645,645,0,1,1,1,1,36,36,4,3
646,646,0,1,1,1,1,37,37,5,4
647,647,0,1,1,1,1,38,38,6,5
648,648,0,1,1,1,1,39,39,7,6
649,649,0,1,1,1,1,40,40,8,7
650,650,0,1,1,1,1,41,41,9,8
651,651,0,1,1,1,1,42,42,10,9
652,652,0,1,1,1,1,43,43,11,10
653,653,0,1,1,1,1,44,44,12,11
654,654,0,1,1,1,1,45,45,13,12
655,655,0,1,1,1,1,46,46,14,13
656,656,0,1,1,1,1,47,47,15,14
657,657,0,1,1,1,1,48,48,16,15
658,658,0,1,1,1,1,49,49,17,16
659,659,0,1,1,1,1,50,50,18,17
660,660,0,1,1,1,1,51,51,19,18
661,661,0,1,1,1,1,52,52,20,19
662,662,0,1,1,1,1,53,53,21,20
663,663,0,1,1,1,1,54,54,22,21
664,664,0,1,1,1,1,55,55,23,22
665,665,0,1,1,1,1,56,56,24,23
666,666,0,1,1,1,1,57,57,25,24
667,667,0,1,1,1,1,58,58,26,25
668,668,0,1,1,1,1,59,59,27,26
669,669,0,1,1,1,1,60,60,28,27
670,670,0,1,1,1,1,61,61,29,28
671,671,0,1,1,1,1,62,62,30,29
672,672,0,1,1,1,1,63,63,31,30
673,673,0,1,1,1,1,0,0,32,31
674,674,0,1,1,1,1,1,1,33,32
675,675,0,1,1,1,1,2,2,34,33
676,676,0,1,1,1,1,3,3,35,34
677,677,0,1,1,1,1,4,4,36,35
678,678,0,1,1,1,1,5,5,37,36
679,679,0,1,1,1,1,6,6,38,37
680,680,0,1,1,1,1,7,7,39,38
681,681,0,1,1,1,1,8,8,40,39
682,682,0,1,1,1,1,9,9,41,40
683,683,0,1,1,1,1,10,10,42,41
684,684,0,1,1,1,1,11,11,43,42
685,685,0,1,1,1,1,12,12,44,43
686,686,0,1,1,1,1,13,13,45,44
687,687,0,1,1,1,1,14,14,46,45
688,688,0,1,1,1,1,15,15,47,46
689,689,0,1,1,1,1,16,16,48,47
690,690,0,1,1,1,1,17,17,49,48
691,691,0,1,1,1,1,18,18,50,49
692,692,0,1,1,1,1,19,19,51,50
693,693,0,1,1,1,1,20,20,52,51
694,694,0,1,1,1,1,21,21,53,52
695,695,0,1,1,1,1,22,22,54,53
696,696,0,1,1,1,1,23,23,55,54
697,697,0,1,1,1,1,24,24,56,55
698,698,0,1,1,1,1,25,25,57,56
699,699,0,1,1,1,1,26,26,58,57
700,700,0,1,1,1,1,27,27,59,58
701,701,0,1,1,1,1,28,28,60,59
702,702,0,1,1,1,1,29,29,61,60
703,703,0,1,1,1,1,30,30,62,61
704,704,0,1,1,1,1,31,31,63,62
705,705,0,1,1,1,1,32,32,0,63
706,706,0,1,1,1,1,33,33,1,0
707,707,0,1,1,1,1,34,34,2,1
708,708,0,1,1,1,1,35,35,3,2
709,709,0,1,1,1,1,36,36,4,3
710,710,0,1,1,1,1,37,37,5,4
711,711,0,1,1,1,1,38,38,6,5
712,712,0,1,1,1,1,39,39,7,6
713,713,0,1,1,1,1,40,40,8,7
714,714,0,1,1,1,1,41,41,9,8
715,715,0,1,1,1,1,42,42,10,9
716,716,0,1,1,1,1,43,43,11,10
717,717,0,1,1,1,1,44,44,12,11
718,718,0,1,1,1,1,45,45,13,12
719,719,0,1,1,1,1,46,46,14,13
720,720,0,1,1,1,1,47,47,15,14
721,721,0,1,1,1,1,48,48,16,15
722,722,0,1,1,1,1,49,49,17,16
723,723,0,1,1,1,1,50,50,18,17
724,724,0,1,1,1,1,51,51,19,18
725,725,0,1,1,1,1,52,52,20,19
726,726,0,1,1,1,1,53,53,21,20
727,727,0,1,1,1,1,54,54,22,21
728,728,0,1,1,1,1,55,55,23,22
729,729,0,1,1,1,1,56,56,24,23
730,730,0,1,1,1,1,57,57,25,24
731,731,0,1,1,1,1,58,58,26,25
732,732,0,1,1,1,1,59,59,27,26
733,733,0,1,1,1,1,60,60,28,27
734,734,0,1,1,1,1,61,61,29,28
735,735,0,1,1,1,1,62,62,30,29
736,736,0,1,1,1,1,63,63,31,30
737,737,0,1,1,1,1,0,0,32,31
738,738,0,1,1,1,1,1,1,33,32
739,739,0,1,1,1,1,2,2,34,33
740,740,0,1,1,1,1,3,3,35,34
741,741,0,1,1,1,1,4,4,36,35
742,742,0,1,1,1,1,5,5,37,36
743,743,0,1,1,1,1,6,6,38,37
744,744,0,1,1,1,1,7,7,39,38
745,745,0,1,1,1,1,8,8,40,39
746,746,0,1,1,1,1,9,9,41,40
747,747,0,1,1,1,1,10,10,42,41
748,748,0,1,1,1,1,11,11,43,42
749,749,0,1,1,1,1,12,12,44,43
750,750,0,1,1,1,1,13,13,45,44
751,751,0,1,1,1,1,14,14,46,45
752,752,0,1,1,1,1,15,15,47,46
753,753,0,1,1,1,1,16,16,48,47
754,754,0,1,1,1,1,17,17,49,48
755,755,0,1,1,1,1,18,18,50,49
756,756,0,1,1,1,1,19,19,51,50
757,757,0,1,1,1,1,20,20,52,51
758,758,0,1,1,1,1,21,21,53,52
759,759,0,1,1,1,1,22,22,54,53
760,760,0,1,1,1,1,23,23,55,54
761,761,0,1,1,1,1,24,24,56,55
762,762,0,1,1,1,1,25,25,57,56
763,763,0,1,1,1,1,26,26,58,57
764,764,0,1,1,1,1,27,27,59,58
765,765,0,1,1,1,1,28,28,60,59
766,766,0,1,1,1,1,29,29,61,60
767,767,0,1,1,1,1,30,30,62,61
768,768,0,1,1,1,1,31,31,63,62
769,769,0,1,1,1,1,32,32,0,63
770,770,0,1,1,1,1,33,33,1,0
771,771,0,1,1,1,1,34,34,2,1
772,772,0,1,1,1,1,35,35,3,2
773,773,0,1,1,1,1,36,36,4,3
774,774,0,1,1,1,1,37,37,5,4
775,775,0,1,1,1,1,38,38,6,5
776,776,0,1,1,1,1,39,39,7,6
777,777,0,1,1,1,1,40,40,8,7
778,778,0,1,1,1,1,41,41,9,8
779,779,0,1,1,1,1,42,42,10,9
780,780,0,1,1,1,1,43,43,11,10
781,781,0,1,1,1,1,44,44,12,11
782,782,0,1,1,1,1,45,45,13,12
783,783,0,1,1,1,1,46,46,14,13
784,784,0,1,1,1,1,47,47,15,14
785,785,0,1,1,1,1,48,48,16,15
786,786,0,1,1,1,1,49,49,17,16
787,787,0,1,1,1,1,50,50,18,17
788,788,0,1,1,1,1,51,51,19,18
789,789,0,1,1,1,1,52,52,20,19
790,790,0,1,1,1,1,53,53,21,20
791,791,0,1,1,1,1,54,54,22,21
792,792,0,1,1,1,1,55,55,23,22
793,793,0,1,1,1,1,56,56,24,23
794,794,0,1,1,1,1,57,57,25,24
795,795,0,1,1,1,1,58,58,26,25
796,796,0,1,1,1,1,59,59,27,26
797,797,0,1,1,1,1,60,60,28,27
798,798,0,1,1,1,1,61,61,29,28
799,799,0,1,1,1,1,62,62,30,29
800,800,0,1,1,1,1,63,63,31,30
801,801,0,1,1,1,1,0,0,32,31
802,802,0,1,1,1,1,1,1,33,32
803,803,0,1,1,1,1,2,2,34,33
804,804,0,1,1,1,1,3,3,35,34
805,805,0,1,1,1,1,4,4,36,35
806,806,0,1,1,1,1,5,5,37,36
807,807,0,1,1,1,1,6,6,38,37
808,808,0,1,1,1,1,7,7,39,38
809,809,0,1,1,1,1,8,8,40,39
810,810,0,1,1,1,1,9,9,41,40
811,811,0,1,1,1,1,10,10,42,41
812,812,0,1,1,1,1,11,11,43,42
813,813,0,1,1,1,1,12,12,44,43
814,814,0,1,1,1,1,13,13,45,44
815,815,0,1,1,1,1,14,14,46,45
816,816,0,1,1,1,1,15,15,47,46
817,817,0,1,1,1,1,16,16,48,47
818,818,0,1,1,1,1,17,17,49,48
819,819,0,1,1,1,1,18,18,50,49
820,820,0,1,1,1,1,19,19,51,50
821,821,0,1,1,1,1,20,20,52,51
822,822,0,1,1,1,1,21,21,53,52
823,823,0,1,1,1,1,22,22,54,53
824,824,0,1,1,1,1,23,23,55,54
825,825,0,1,1,1,1,24,24,56,55
826,826,0,1,1,1,1,25,25,57,56
827,827,0,1,1,1,1,26,26,58,57
828,828,0,1,1,1,1,27,27,59,58
829,829,0,1,1,1,1,28,28,60,59
830,830,0,1,1,1,1,29,29,61,60
831,831,0,1,1,1,1,30,30,62,61
832,832,0,1,1,1,1,31,31,63,62
833,833,0,1,1,1,1,32,32,0,63
834,834,0,1,1,1,1,33,33,1,0
835,835,0,1,1,1,1,34,34,2,1
836,836,0,1,1,1,1,35,35,3,2
837,837,0,1,1,1,1,36,36,4,3
838,838,0,1,1,1,1,37,37,5,4
839,839,0,1,1,1,1,38,38,6,5
840,840,0,1,1,1,1,39,39,7,6
841,841,0,1,1,1,1,40,40,8,7
842,842,0,1,1,1,1,41,41,9,8
843,843,0,1,1,1,1,42,42,10,9
844,844,0,1,1,1,1,43,43,11,10
845,845,0,1,1,1,1,44,44,12,11
846,846,0,1,1,1,1,45,45,13,12
847,847,0,1,1,1,1,46,46,14,13
848,848,0,1,1,1,1,47,47,15,14
849,849,0,1,1,1,1,48,48,16,15
850,850,0,1,1,1,1,49,49,17,16
851,851,0,1,1,1,1,50,50,18,17
852,852,0,1,1,1,1,51,51,19,18
853,853,0,1,1,1,1,52,52,20,19
854,854,0,1,1,1,1,53,53,21,20
855,855,0,1,1,1,1,54,54,22,21
856,856,0,1,1,1,1,55,55,23,22
857,857,0,1,1,1,1,56,56,24,23
858,858,0,1,1,1,1,57,57,25,24
859,859,0,1,1,1,1,58,58,26,25
860,860,0,1,1,1,1,59,59,27,26
861,861,0,1,1,1,1,60,60,28,27
862,862,0,1,1,1,1,61,61,29,28
863,863,0,1,1,1,1,62,62,30,29
864,864,0,1,1,1,1,63,63,31,30
865,865,0,1,1,1,1,0,0,32,31
866,866,0,1,1,1,1,1,1,33,32
867,867,0,1,1,1,1,2,2,34,33
868,868,0,1,1,1,1,3,3,35,34
869,869,0,1,1,1,1,4,4,36,35
870,870,0,1,1,1,1,5,5,37,36
871,871,0,1,1,1,1,6,6,38,37
872,872,0,1,1,1,1,7,7,39,38
873,873,0,1,1,1,1,8,8,40,39
874,874,0,1,1,1,1,9,9,41,40
875,875,0,1,1,1,1,10,10,42,41
876,876,0,1,1,1,1,11,11,43,42
877,877,0,1,1,1,1,12,12,44,43
878,878,0,1,1,1,1,13,13,45,44
879,879,0,1,1,1,1,14,14,46,45
880,880,0,1,1,1,1,15,15,47,46
881,881,0,1,1,1,1,16,16,48,47
882,882,0,1,1,1,1,17,17,49,48
883,883,0,1,1,1,1,18,18,50,49
884,884,0,1,1,1,1,19,19,51,50
885,885,0,1,1,1,1,20,20,52,51
886,886,0,1,1,1,1,21,21,53,52
887,887,0,1,1,1,1,22,22,54,53
888,888,0,1,1,1,1,23,23,55,54
889,889,0,1,1,1,1,24,24,56,55
890,890,0,1,1,1,1,25,25,57,56
891,891,0,1,1,1,1,26,26,58,57
892,892,0,1,1,1,1,27,27,59,58
893,893,0,1,1,1,1,28,28,60,59
894,894,0,1,1,1,1,29,29,61,60
895,895,0,1,1,1,1,30,30,62,61
896,896,0,1,1,1,1,31,31,63,62
897,897,0,1,1,1,1,32,32,0,63
898,898,0,1,1,1,1,33,33,1,0
899,899,0,1,1,1,1,34,34,2,1
900,900,0,1,1,1,1,35,35,3,2
901,901,0,1,1,1,1,36,36,4,3
902,902,0,1,1,1,1,37,37,5,4
903,903,0,1,1,1,1,38,38,6,5
904,904,0,1,1,1,1,39,39,7,6
905,905,0,1,1,1,1,40,40,8,7
906,906,0,1,1,1,1,41,41,9,8
907,907,0,1,1,1,1,42,42,10,9
908,908,0,1,1,1,1,43,43,11,10
909,909,0,1,1,1,1,44,44,12,11
910,910,0,1,1,1,1,45,45,13,12
911,911,0,1,1,1,1,46,46,14,13
912,912,0,1,1,1,1,47,47,15,14
913,913,0,1,1,1,1,48,48,16,15
914,914,0,1,1,1,1,49,49,17,16
915,915,0,1,1,1,1,50,50,18,17
916,916,0,1,1,1,1,51,51,19,18
917,917,0,1,1,1,1,52,52,20,19
918,918,0,1,1,1,1,53,53,21,20
919,919,0,1,1,1,1,54,54,22,21
920,920,0,1,1,1,1,55,55,23,22
921,921,0,1,1,1,1,56,56,24,23
922,922,0,1,1,1,1,57,57,25,24
923,923,0,1,1,1,1,58,58,26,25
924,924,0,1,1,1,1,59,59,27,26
925,925,0,1,1,1,1,60,60,28,27
926,926,0,1,1,1,1,61,61,29,28
927,927,0,1,1,1,1,62,62,30,29
928,928,0,1,1,1,1,63,63,31,30
929,929,0,1,1,1,1,0,0,32,31
930,930,0,1,1,1,1,1,1,33,32
931,931,0,1,1,1,1,2,2,34,33
932,932,0,1,1,1,1,3,3,35,34
933,933,0,1,1,1,1,4,4,36,35
934,934,0,1,1,1,1,5,5,37,36
935,935,0,1,1,1,1,6,6,38,37
936,936,0,1,1,1,1,7,7,39,38
937,937,0,1,1,1,1,8,8,40,39
938,938,0,1,1,1,1,9,9,41,40
939,939,0,1,1,1,1,10,10,42,41
940,940,0,1,1,1,1,11,11,43,42
941,941,0,1,1,1,1,12,12,44,43
942,942,0,1,1,1,1,13,13,45,44
943,943,0,1,1,1,1,14,14,46,45
944,944,0,1,1,1,1,15,15,47,46
945,945,0,1,1,1,1,16,16,48,47
946,946,0,1,1,1,1,17,17,49,48
947,947,0,1,1,1,1,18,18,50,49
948,948,0,1,1,1,1,19,19,51,50
949,949,0,1,1,1,1,20,20,52,51
950,950,0,1,1,1,1,21,21,53,52
951,951,0,1,1,1,1,22,22,54,53
952,952,0,1,1,1,1,23,23,55,54
953,953,0,1,1,1,1,24,24,56,55
954,954,0,1,1,1,1,25,25,57,56
955,955,0,1,1,1,1,26,26,58,57
956,956,0,1,1,1,1,27,27,59,58
957,957,0,1,1,1,1,28,28,60,59
958,958,0,1,1,1,1,29,29,61,60
959,959,0,1,1,1,1,30,30,62,61
960,960,0,1,1,1,1,31,31,63,62
961,961,0,1,1,1,1,32,32,0,63
962,962,0,1,1,1,1,33,33,1,0
963,963,0,1,1,1,1,34,34,2,1
964,964,0,1,1,1,1,35,35,3,2
965,965,0,1,1,1,1,36,36,4,3
966,966,0,1,1,1,1,37,37,5,4
967,967,0,1,1,1,1,38,38,6,5
968,968,0,1,1,1,1,39,39,7,6
969,969,0,1,1,1,1,40,40,8,7
970,970,0,1,1,1,1,41,41,9,8
971,971,0,1,1,1,1,42,42,10,9
972,972,0,1,1,1,1,43,43,11,10
973,973,0,1,1,1,1,44,44,12,11
974,974,0,1,1,1,1,45,45,13,12
975,975,0,1,1,1,1,46,46,14,13
976,976,0,1,1,1,1,47,47,15,14
977,977,0,1,1,1,1,48,48,16,15
978,978,0,1,1,1,1,49,49,17,16
979,979,0,1,1,1,1,50,50,18,17
980,980,0,1,1,1,1,51,51,19,18
981,981,0,1,1,1,1,52,52,20,19
982,982,0,1,1,1,1,53,53,21,20
983,983,0,1,1,1,1,54,54,22,21
984,984,0,1,1,1,1,55,55,23,22
985,985,0,1,1,1,1,56,56,24,23
986,986,0,1,1,1,1,57,57,25,24
987,987,0,1,1,1,1,58,58,26,25
988,988,0,1,1,1,1,59,59,27,26
989,989,0,1,1,1,1,60,60,28,27
990,990,0,1,1,1,1,61,61,29,28
991,991,0,1,1,1,1,62,62,30,29
992,992,0,1,1,1,1,63,63,31,30
993,993,0,1,1,1,1,0,0,32,31
994,994,0,1,1,1,1,1,1,33,32
995,995,0,1,1,1,1,2,2,34,33
996,996,0,1,1,1,1,3,3,35,34
997,997,0,1,1,1,1,4,4,36,35
998,998,0,1,1,1,1,5,5,37,36
999,999,0,1,1,1,1,6,6,38,37
1000,1000,0,1,1,1,1,7,7,39,38
1001,1001,0,1,1,1,1,8,8,40,39
1002,1002,0,1,1,1,1,9,9,41,40
1003,1003,0,1,1,1,1,10,10,42,41
1004,1004,0,1,1,1,1,11,11,43,42
1005,1005,0,1,1,1,1,12,12,44,43
1006,1006,0,1,1,1,1,13,13,45,44
1007,1007,0,1,1,1,1,14,14,46,45
1008,1008,0,1,1,1,1,15,15,47,46
1009,1009,0,1,1,1,1,16,16,48,47
1010,1010,0,1,1,1,1,17,17,49,48
1011,1011,0,1,1,1,1,18,18,50,49
1012,1012,0,1,1,1,1,19,19,51,50
1013,1013,0,1,1,1,1,20,20,52,51
1014,1014,0,1,1,1,1,21,21,53,52
1015,1015,0,1,1,1,1,22,22,54,53
1016,1016,0,1,1,1,1,23,23,55,54
1017,1017,0,1,1,1,1,24,24,56,55
1018,1018,0,1,1,1,1,25,25,57,56
1019,1019,0,1,1,1,1,26,26,58,57
1020,1020,0,1,1,1,1,27,27,59,58
1021,1021,0,1,1,1,1,28,28,60,59
1022,1022,0,1,1,1,1,29,29,61,60
1023,1023,0,1,1,1,1,30,30,62,61
